admission_no,ExaminationFee,TutionFee,RefreshmentAccFee,LabFee,ProjectFee,AnnualCharges,AdminCharges,SmartClassCharges,ComputerFeeYearly,ComputerFeeMonthly,DevelopmentChargesYearly,TransportFee,PortalCharges,LateFee,TotalFee
8819,0,0,0,0,0,0,0,0,0,0,0,0,0,0,6380
8821,0,0,0,0,0,0,0,0,0,0,0,0,0,0,6520
8831,0,0,0,0,0,0,0,0,0,0,0,0,0,0,6520
8840,0,0,0,0,0,0,0,0,0,0,0,0,0,0,3120
8800,0,0,0,0,0,0,0,0,0,0,0,0,0,0,6520
8863,0,0,0,0,0,0,0,0,0,0,0,0,0,0,19680
8868,0,0,0,0,0,0,0,0,0,0,0,0,0,0,19680
8867,0,0,0,0,0,0,0,0,0,0,0,0,0,0,6520
8822,0,0,0,0,0,0,0,0,0,0,0,0,0,0,6520
8506,0,0,0,0,0,0,0,0,0,0,0,0,0,0,19695
9393,0,0,0,0,0,0,0,0,0,0,0,0,0,0,2890
8461,0,0,0,0,0,0,0,0,0,0,0,0,0,0,5830
8516,0,0,0,0,0,0,0,0,0,0,0,0,0,0,19695
8416,0,0,0,0,0,0,0,0,0,0,0,0,0,0,5830
8430,0,0,0,0,0,0,0,0,0,0,0,0,0,0,5830
8492,0,0,0,0,0,0,0,0,0,0,0,0,0,0,5830
8486,0,0,0,0,0,0,0,0,0,0,0,0,0,0,5830
8433,0,0,0,0,0,0,0,0,0,0,0,0,0,0,5830
8790,0,0,0,0,0,0,0,0,0,0,0,0,0,0,19695
9049,0,0,0,0,0,0,0,0,0,0,0,0,0,0,2915
8414,0,0,0,0,0,0,0,0,0,0,0,0,0,0,5830
9046,0,0,0,0,0,0,0,0,0,0,0,0,0,0,9665
8799,0,0,0,0,0,0,0,0,0,0,0,0,0,0,2915
9054,0,0,0,0,0,0,0,0,0,0,0,0,0,0,5830
8803,0,0,0,0,0,0,0,0,0,0,0,0,0,0,19695
8699,0,0,0,0,0,0,0,0,0,0,0,0,0,0,5830
8420,0,0,0,0,0,0,0,0,0,0,0,0,0,0,5830
8489,0,0,0,0,0,0,0,0,0,0,0,0,0,0,5830
8061,0,0,0,0,0,0,0,0,0,0,0,0,0,0,5820
8508,0,0,0,0,0,0,0,0,0,0,0,0,0,0,5830
8077,0,0,0,0,0,0,0,0,0,0,0,0,0,0,2860
8079,0,0,0,0,0,0,0,0,0,0,0,0,0,0,2915
9386,0,0,0,0,0,0,0,0,0,0,0,0,0,0,5830
8080,0,0,0,0,0,0,0,0,0,0,0,0,0,0,19695
8431,0,0,0,0,0,0,0,0,0,0,0,0,0,0,5830
9320,0,0,0,0,0,0,0,0,0,0,0,0,0,0,5830
9356,0,0,0,0,0,0,0,0,0,0,0,0,0,0,5830
9018,0,0,0,0,0,0,0,0,0,0,0,0,0,0,5830
8827,0,0,0,0,0,0,0,0,0,0,0,0,0,0,5830
8796,0,0,0,0,0,0,0,0,0,0,0,0,0,0,5830
9071,0,0,0,0,0,0,0,0,0,0,0,0,0,0,5830
9070,0,0,0,0,0,0,0,0,0,0,0,0,0,0,5830
9042,0,0,0,0,0,0,0,0,0,0,0,0,0,0,5830
9302,0,0,0,0,0,0,0,0,0,0,0,0,0,0,6180
7714,0,0,0,0,0,0,0,0,0,0,0,0,0,0,14510
8234,0,0,0,0,0,0,0,0,0,0,0,0,0,0,20470
7756,0,0,0,0,0,0,0,0,0,0,0,0,0,0,20470
9360,0,0,0,0,0,0,0,0,0,0,0,0,0,0,6180
7733,0,0,0,0,0,0,0,0,0,0,0,0,0,0,20470
7709,0,0,0,0,0,0,0,0,0,0,0,0,0,0,60
7729,0,0,0,0,0,0,0,0,0,0,0,0,0,0,6180
7732,0,0,0,0,0,0,0,0,0,0,0,0,0,0,6180
7755,0,0,0,0,0,0,0,0,0,0,0,0,0,0,20470
7708,0,0,0,0,0,0,0,0,0,0,0,0,0,0,6180
8711,0,0,0,0,0,0,0,0,0,0,0,0,0,0,20470
9211,0,0,0,0,0,0,0,0,0,0,0,0,0,0,6180
8443,0,0,0,0,0,0,0,0,0,0,0,0,0,0,11200
8684,0,0,0,0,0,0,0,0,0,0,0,0,0,0,20470
8712,0,0,0,0,0,0,0,0,0,0,0,0,0,0,20470
9336,0,0,0,0,0,0,0,0,0,0,0,0,0,0,6180
8495,0,0,0,0,0,0,0,0,0,0,0,0,0,0,2810
8597,0,0,0,0,0,0,0,0,0,0,0,0,0,0,6180
8689,0,0,0,0,0,0,0,0,0,0,0,0,0,0,6180
8898,0,0,0,0,0,0,0,0,0,0,0,0,0,0,20470
8423,0,0,0,0,0,0,0,0,0,0,0,0,0,0,6180
8632,0,0,0,0,0,0,0,0,0,0,0,0,0,0,3090
8421,0,0,0,0,0,0,0,0,0,0,0,0,0,0,6180
7599,0,0,0,0,0,0,0,0,0,0,0,0,0,0,3420
8993,0,0,0,0,0,0,0,0,0,0,0,0,0,0,6180
8603,0,0,0,0,0,0,0,0,0,0,0,0,0,0,6180
7746,0,0,0,0,0,0,0,0,0,0,0,0,0,0,6180
7636,0,0,0,0,0,0,0,0,0,0,0,0,0,0,6180
7685,0,0,0,0,0,0,0,0,0,0,0,0,0,0,20470
7649,0,0,0,0,0,0,0,0,0,0,0,0,0,0,6180
7593,0,0,0,0,0,0,0,0,0,0,0,0,0,0,20
7596,0,0,0,0,0,0,0,0,0,0,0,0,0,0,3090
7550,0,0,0,0,0,0,0,0,0,0,0,0,0,0,20470
8975,0,0,0,0,0,0,0,0,0,0,0,0,0,0,20470
7752,0,0,0,0,0,0,0,0,0,0,0,0,0,0,50
7625,0,0,0,0,0,0,0,0,0,0,0,0,0,0,6180
7631,0,0,0,0,0,0,0,0,0,0,0,0,0,0,6180
7632,0,0,0,0,0,0,0,0,0,0,0,0,0,0,3090
7637,0,0,0,0,0,0,0,0,0,0,0,0,0,0,20470
7643,0,0,0,0,0,0,0,0,0,0,0,0,0,0,6180
7694,0,0,0,0,0,0,0,0,0,0,0,0,0,0,6180
7556,0,0,0,0,0,0,0,0,0,0,0,0,0,0,20470
8974,0,0,0,0,0,0,0,0,0,0,0,0,0,0,20470
7574,0,0,0,0,0,0,0,0,0,0,0,0,0,0,3090
7654,0,0,0,0,0,0,0,0,0,0,0,0,0,0,9440
9383,0,0,0,0,0,0,0,0,0,0,0,0,0,0,6180
8385,0,0,0,0,0,0,0,0,0,0,0,0,0,0,20470
9339,0,0,0,0,0,0,0,0,0,0,0,0,0,0,6180
8140,0,0,0,0,0,0,0,0,0,0,0,0,0,0,3090
8194,0,0,0,0,0,0,0,0,0,0,0,0,0,0,6180
9346,0,0,0,0,0,0,0,0,0,0,0,0,0,0,6180
8170,0,0,0,0,0,0,0,0,0,0,0,0,0,0,20470
8181,0,0,0,0,0,0,0,0,0,0,0,0,0,0,6180
8179,0,0,0,0,0,0,0,0,0,0,0,0,0,0,3090
8298,0,0,0,0,0,0,0,0,0,0,0,0,0,0,6180
7541,0,0,0,0,0,0,0,0,0,0,0,0,0,0,3090
8523,0,0,0,0,0,0,0,0,0,0,0,0,0,0,17380
7551,0,0,0,0,0,0,0,0,0,0,0,0,0,0,6180
8377,0,0,0,0,0,0,0,0,0,0,0,0,0,0,6180
7575,0,0,0,0,0,0,0,0,0,0,0,0,0,0,6180
7997,0,0,0,0,0,0,0,0,0,0,0,0,0,0,4750
7996,0,0,0,0,0,0,0,0,0,0,0,0,0,0,20470
7799,0,0,0,0,0,0,0,0,0,0,0,0,0,0,3090
8015,0,0,0,0,0,0,0,0,0,0,0,0,0,0,20470
7591,0,0,0,0,0,0,0,0,0,0,0,0,0,0,6180
9342,0,0,0,0,0,0,0,0,0,0,0,0,0,0,3090
7597,0,0,0,0,0,0,0,0,0,0,0,0,0,0,380
7601,0,0,0,0,0,0,0,0,0,0,0,0,0,0,3090
9109,0,0,0,0,0,0,0,0,0,0,0,0,0,0,4920
7972,0,0,0,0,0,0,0,0,0,0,0,0,0,0,20470
8360,0,0,0,0,0,0,0,0,0,0,0,0,0,0,20470
7617,0,0,0,0,0,0,0,0,0,0,0,0,0,0,6180
8543,0,0,0,0,0,0,0,0,0,0,0,0,0,0,6180
7628,0,0,0,0,0,0,0,0,0,0,0,0,0,0,8440
7634,0,0,0,0,0,0,0,0,0,0,0,0,0,0,20470
7638,0,0,0,0,0,0,0,0,0,0,0,0,0,0,20470
7639,0,0,0,0,0,0,0,0,0,0,0,0,0,0,6180
7978,0,0,0,0,0,0,0,0,0,0,0,0,0,0,20470
8133,0,0,0,0,0,0,0,0,0,0,0,0,0,0,6180
8817,0,0,0,0,0,0,0,0,0,0,0,0,0,0,6180
7980,0,0,0,0,0,0,0,0,0,0,0,0,0,0,6180
9100,0,0,0,0,0,0,0,0,0,0,0,0,0,0,10440
8052,0,0,0,0,0,0,0,0,0,0,0,0,0,0,6180
8002,0,0,0,0,0,0,0,0,0,0,0,0,0,0,20470
8003,0,0,0,0,0,0,0,0,0,0,0,0,0,0,20470
8135,0,0,0,0,0,0,0,0,0,0,0,0,0,0,10140
6930,0,0,0,0,0,0,0,0,0,0,0,0,0,0,3320
6972,0,0,0,0,0,0,0,0,0,0,0,0,0,0,21110
6940,0,0,0,0,0,0,0,0,0,0,0,0,0,0,7060
6935,0,0,0,0,0,0,0,0,0,0,0,0,0,0,6410
6953,0,0,0,0,0,0,0,0,0,0,0,0,0,0,3220
6926,0,0,0,0,0,0,0,0,0,0,0,0,0,0,3090
6937,0,0,0,0,0,0,0,0,0,0,0,0,0,0,2800
8231,0,0,0,0,0,0,0,0,0,0,0,0,0,0,7810
6934,0,0,0,0,0,0,0,0,0,0,0,0,0,0,21110
6991,0,0,0,0,0,0,0,0,0,0,0,0,0,0,3220
8230,0,0,0,0,0,0,0,0,0,0,0,0,0,0,24310
8607,0,0,0,0,0,0,0,0,0,0,0,0,0,0,3220
6932,0,0,0,0,0,0,0,0,0,0,0,0,0,0,15980
6995,0,0,0,0,0,0,0,0,0,0,0,0,0,0,7060
6949,0,0,0,0,0,0,0,0,0,0,0,0,0,0,6440
6979,0,0,0,0,0,0,0,0,0,0,0,0,0,0,3220
6985,0,0,0,0,0,0,0,0,0,0,0,0,0,0,21110
7807,0,0,0,0,0,0,0,0,0,0,0,0,0,0,21110
6964,0,0,0,0,0,0,0,0,0,0,0,0,0,0,9240
6936,0,0,0,0,0,0,0,0,0,0,0,0,0,0,3220
7924,0,0,0,0,0,0,0,0,0,0,0,0,0,0,21110
6969,0,0,0,0,0,0,0,0,0,0,0,0,0,0,6440
7283,0,0,0,0,0,0,0,0,0,0,0,0,0,0,21110
7382,0,0,0,0,0,0,0,0,0,0,0,0,0,0,24010
8192,0,0,0,0,0,0,0,0,0,0,0,0,0,0,6440
7288,0,0,0,0,0,0,0,0,0,0,0,0,0,0,21110
7805,0,0,0,0,0,0,0,0,0,0,0,0,0,0,9240
7173,0,0,0,0,0,0,0,0,0,0,0,0,0,0,21110
7389,0,0,0,0,0,0,0,0,0,0,0,0,0,0,21110
7334,0,0,0,0,0,0,0,0,0,0,0,0,0,0,21110
7287,0,0,0,0,0,0,0,0,0,0,0,0,0,0,6430
8644,0,0,0,0,0,0,0,0,0,0,0,0,0,0,1500
7282,0,0,0,0,0,0,0,0,0,0,0,0,0,0,1450
8144,0,0,0,0,0,0,0,0,0,0,0,0,0,0,21110
7372,0,0,0,0,0,0,0,0,0,0,0,0,0,0,3220
9351,0,0,0,0,0,0,0,0,0,0,0,0,0,0,6440
8501,0,0,0,0,0,0,0,0,0,0,0,0,0,0,3220
9334,0,0,0,0,0,0,0,0,0,0,0,0,0,0,6440
9289,0,0,0,0,0,0,0,0,0,0,0,0,0,0,6440
9275,0,0,0,0,0,0,0,0,0,0,0,0,0,0,3220
9321,0,0,0,0,0,0,0,0,0,0,0,0,0,0,6440
9340,0,0,0,0,0,0,0,0,0,0,0,0,0,0,6440
8580,0,0,0,0,0,0,0,0,0,0,0,0,0,0,3090
7206,0,0,0,0,0,0,0,0,0,0,0,0,0,0,20
8227,0,0,0,0,0,0,0,0,0,0,0,0,0,0,6440
7020,0,0,0,0,0,0,0,0,0,0,0,0,0,0,3220
6507,0,0,0,0,0,0,0,0,0,0,0,0,0,0,3320
6514,0,0,0,0,0,0,0,0,0,0,0,0,0,0,7080
6516,0,0,0,0,0,0,0,0,0,0,0,0,0,0,21110
6515,0,0,0,0,0,0,0,0,0,0,0,0,0,0,200
8877,0,0,0,0,0,0,0,0,0,0,0,0,0,0,3220
8565,0,0,0,0,0,0,0,0,0,0,0,0,0,0,11080
6891,0,0,0,0,0,0,0,0,0,0,0,0,0,0,7940
6519,0,0,0,0,0,0,0,0,0,0,0,0,0,0,21110
6548,0,0,0,0,0,0,0,0,0,0,0,0,0,0,21110
8210,0,0,0,0,0,0,0,0,0,0,0,0,0,0,21110
8400,0,0,0,0,0,0,0,0,0,0,0,0,0,0,21110
6543,0,0,0,0,0,0,0,0,0,0,0,0,0,0,3220
8876,0,0,0,0,0,0,0,0,0,0,0,0,0,0,10080
9384,0,0,0,0,0,0,0,0,0,0,0,0,0,0,3220
6523,0,0,0,0,0,0,0,0,0,0,0,0,0,0,3220
8970,0,0,0,0,0,0,0,0,0,0,0,0,0,0,4670
6559,0,0,0,0,0,0,0,0,0,0,0,0,0,0,24110
6603,0,0,0,0,0,0,0,0,0,0,0,0,0,0,6440
8671,0,0,0,0,0,0,0,0,0,0,0,0,0,0,4020
7373,0,0,0,0,0,0,0,0,0,0,0,0,0,0,6440
6568,0,0,0,0,0,0,0,0,0,0,0,0,0,0,9640
8929,0,0,0,0,0,0,0,0,0,0,0,0,0,0,21110
7385,0,0,0,0,0,0,0,0,0,0,0,0,0,0,4320
8928,0,0,0,0,0,0,0,0,0,0,0,0,0,0,6440
7090,0,0,0,0,0,0,0,0,0,0,0,0,0,0,16080
7217,0,0,0,0,0,0,0,0,0,0,0,0,0,0,6440
8856,0,0,0,0,0,0,0,0,0,0,0,0,0,0,7990
7069,0,0,0,0,0,0,0,0,0,0,0,0,0,0,50
6826,0,0,0,0,0,0,0,0,0,0,0,0,0,0,21110
6530,0,0,0,0,0,0,0,0,0,0,0,0,0,0,7080
7084,0,0,0,0,0,0,0,0,0,0,0,0,0,0,6440
6092,0,0,0,0,0,0,0,0,0,0,0,0,0,0,21110
7085,0,0,0,0,0,0,0,0,0,0,0,0,0,0,11080
6570,0,0,0,0,0,0,0,0,0,0,0,0,0,0,6440
7823,0,0,0,0,0,0,0,0,0,0,0,0,0,0,6440
7995,0,0,0,0,0,0,0,0,0,0,0,0,0,0,21110
7993,0,0,0,0,0,0,0,0,0,0,0,0,0,0,6440
6521,0,0,0,0,0,0,0,0,0,0,0,0,0,0,8080
7814,0,0,0,0,0,0,0,0,0,0,0,0,0,0,17080
7951,0,0,0,0,0,0,0,0,0,0,0,0,0,0,21110
8214,0,0,0,0,0,0,0,0,0,0,0,0,0,0,21110
7816,0,0,0,0,0,0,0,0,0,0,0,0,0,0,21110
8990,0,0,0,0,0,0,0,0,0,0,0,0,0,0,8040
7192,0,0,0,0,0,0,0,0,0,0,0,0,0,0,6440
8697,0,0,0,0,0,0,0,0,0,0,0,0,0,0,6440
9017,0,0,0,0,0,0,0,0,0,0,0,0,0,0,21110
6104,0,0,0,0,0,0,0,0,0,0,0,0,0,0,6440
6340,0,0,0,0,0,0,0,0,0,0,0,0,0,0,21110
6110,0,0,0,0,0,0,0,0,0,0,0,0,0,0,3090
6835,0,0,0,0,0,0,0,0,0,0,0,0,0,0,6440
6763,0,0,0,0,0,0,0,0,0,0,0,0,0,0,21110
6106,0,0,0,0,0,0,0,0,0,0,0,0,0,0,3220
7144,0,0,0,0,0,0,0,0,0,0,0,0,0,0,200
7122,0,0,0,0,0,0,0,0,0,0,0,0,0,0,6440
6755,0,0,0,0,0,0,0,0,0,0,0,0,0,0,6440
6730,0,0,0,0,0,0,0,0,0,0,0,0,0,0,6440
6119,0,0,0,0,0,0,0,0,0,0,0,0,0,0,21110
6241,0,0,0,0,0,0,0,0,0,0,0,0,0,0,6440
6212,0,0,0,0,0,0,0,0,0,0,0,0,0,0,21110
6684,0,0,0,0,0,0,0,0,0,0,0,0,0,0,7790
8204,0,0,0,0,0,0,0,0,0,0,0,0,0,0,1400
6083,0,0,0,0,0,0,0,0,0,0,0,0,0,0,3220
6086,0,0,0,0,0,0,0,0,0,0,0,0,0,0,3220
7166,0,0,0,0,0,0,0,0,0,0,0,0,0,0,21110
6473,0,0,0,0,0,0,0,0,0,0,0,0,0,0,11580
6114,0,0,0,0,0,0,0,0,0,0,0,0,0,0,21110
6819,0,0,0,0,0,0,0,0,0,0,0,0,0,0,6440
6113,0,0,0,0,0,0,0,0,0,0,0,0,0,0,6440
6608,0,0,0,0,0,0,0,0,0,0,0,0,0,0,21110
7828,0,0,0,0,0,0,0,0,0,0,0,0,0,0,21110
7829,0,0,0,0,0,0,0,0,0,0,0,0,0,0,6440
6088,0,0,0,0,0,0,0,0,0,0,0,0,0,0,3000
7204,0,0,0,0,0,0,0,0,0,0,0,0,0,0,3220
7393,0,0,0,0,0,0,0,0,0,0,0,0,0,0,21110
6565,0,0,0,0,0,0,0,0,0,0,0,0,0,0,3220
7298,0,0,0,0,0,0,0,0,0,0,0,0,0,0,1020
7349,0,0,0,0,0,0,0,0,0,0,0,0,0,0,9640
6077,0,0,0,0,0,0,0,0,0,0,0,0,0,0,24110
7300,0,0,0,0,0,0,0,0,0,0,0,0,0,0,13080
8278,0,0,0,0,0,0,0,0,0,0,0,0,0,0,21110
9370,0,0,0,0,0,0,0,0,0,0,0,0,0,0,6440
7830,0,0,0,0,0,0,0,0,0,0,0,0,0,0,21110
8372,0,0,0,0,0,0,0,0,0,0,0,0,0,0,6440
9288,0,0,0,0,0,0,0,0,0,0,0,0,0,0,6440
7278,0,0,0,0,0,0,0,0,0,0,0,0,0,0,8080
8900,0,0,0,0,0,0,0,0,0,0,0,0,0,0,6440
9282,0,0,0,0,0,0,0,0,0,0,0,0,0,0,3200
9110,0,0,0,0,0,0,0,0,0,0,0,0,0,0,3870
8622,0,0,0,0,0,0,0,0,0,0,0,0,0,0,6440
8871,0,0,0,0,0,0,0,0,0,0,0,0,0,0,6440
8708,0,0,0,0,0,0,0,0,0,0,0,0,0,0,6440
8556,0,0,0,0,0,0,0,0,0,0,0,0,0,0,24110
8691,0,0,0,0,0,0,0,0,0,0,0,0,0,0,6440
8199,0,0,0,0,0,0,0,0,0,0,0,0,0,0,24010
6752,0,0,0,0,0,0,0,0,0,0,0,0,0,0,6440
9343,0,0,0,0,0,0,0,0,0,0,0,0,0,0,3220
8680,0,0,0,0,0,0,0,0,0,0,0,0,0,0,21110
6384,0,0,0,0,0,0,0,0,0,0,0,0,0,0,24110
8563,0,0,0,0,0,0,0,0,0,0,0,0,0,0,3000
8304,0,0,0,0,0,0,0,0,0,0,0,0,0,0,6440
8207,0,0,0,0,0,0,0,0,0,0,0,0,0,0,21110
8766,0,0,0,0,0,0,0,0,0,0,0,0,0,0,2900
6567,0,0,0,0,0,0,0,0,0,0,0,0,0,0,9640
6428,0,0,0,0,0,0,0,0,0,0,0,0,0,0,6810
9363,0,0,0,0,0,0,0,0,0,0,0,0,0,0,3405
8246,0,0,0,0,0,0,0,0,0,0,0,0,0,0,6810
8249,0,0,0,0,0,0,0,0,0,0,0,0,0,0,6810
5761,0,0,0,0,0,0,0,0,0,0,0,0,0,0,8085
9361,0,0,0,0,0,0,0,0,0,0,0,0,0,0,3405
6318,0,0,0,0,0,0,0,0,0,0,0,0,0,0,10065
7228,0,0,0,0,0,0,0,0,0,0,0,0,0,0,5055
5742,0,0,0,0,0,0,0,0,0,0,0,0,0,0,12085
8350,0,0,0,0,0,0,0,0,0,0,0,0,0,0,22115
6569,0,0,0,0,0,0,0,0,0,0,0,0,0,0,6810
7369,0,0,0,0,0,0,0,0,0,0,0,0,0,0,22115
9364,0,0,0,0,0,0,0,0,0,0,0,0,0,0,6810
7120,0,0,0,0,0,0,0,0,0,0,0,0,0,0,6810
8599,0,0,0,0,0,0,0,0,0,0,0,0,0,0,20085
6157,0,0,0,0,0,0,0,0,0,0,0,0,0,0,22115
6790,0,0,0,0,0,0,0,0,0,0,0,0,0,0,8920
6890,0,0,0,0,0,0,0,0,0,0,0,0,0,0,8310
7057,0,0,0,0,0,0,0,0,0,0,0,0,0,0,6810
7029,0,0,0,0,0,0,0,0,0,0,0,0,0,0,60
8218,0,0,0,0,0,0,0,0,0,0,0,0,0,0,6810
6816,0,0,0,0,0,0,0,0,0,0,0,0,0,0,3405
8239,0,0,0,0,0,0,0,0,0,0,0,0,0,0,22115
5780,0,0,0,0,0,0,0,0,0,0,0,0,0,0,3225
8237,0,0,0,0,0,0,0,0,0,0,0,0,0,0,22115
8761,0,0,0,0,0,0,0,0,0,0,0,0,0,0,22115
7893,0,0,0,0,0,0,0,0,0,0,0,0,0,0,6810
7186,0,0,0,0,0,0,0,0,0,0,0,0,0,0,22115
7950,0,0,0,0,0,0,0,0,0,0,0,0,0,0,22115
9332,0,0,0,0,0,0,0,0,0,0,0,0,0,0,3405
8211,0,0,0,0,0,0,0,0,0,0,0,0,0,0,25015
8220,0,0,0,0,0,0,0,0,0,0,0,0,0,0,6810
8922,0,0,0,0,0,0,0,0,0,0,0,0,0,0,25315
7308,0,0,0,0,0,0,0,0,0,0,0,0,0,0,22115
7021,0,0,0,0,0,0,0,0,0,0,0,0,0,0,3405
8371,0,0,0,0,0,0,0,0,0,0,0,0,0,0,6810
7894,0,0,0,0,0,0,0,0,0,0,0,0,0,0,6810
8960,0,0,0,0,0,0,0,0,0,0,0,0,0,0,22115
8277,0,0,0,0,0,0,0,0,0,0,0,0,0,0,22115
5740,0,0,0,0,0,0,0,0,0,0,0,0,0,0,3405
6130,0,0,0,0,0,0,0,0,0,0,0,0,0,0,2900
6267,0,0,0,0,0,0,0,0,0,0,0,0,0,0,11910
9293,0,0,0,0,0,0,0,0,0,0,0,0,0,0,6810
8878,0,0,0,0,0,0,0,0,0,0,0,0,0,0,6810
6564,0,0,0,0,0,0,0,0,0,0,0,0,0,0,6810
9375,0,0,0,0,0,0,0,0,0,0,0,0,0,0,6810
6197,0,0,0,0,0,0,0,0,0,0,0,0,0,0,3610
8961,0,0,0,0,0,0,0,0,0,0,0,0,0,0,300
8872,0,0,0,0,0,0,0,0,0,0,0,0,0,0,300
8908,0,0,0,0,0,0,0,0,0,0,0,0,0,0,8210
9352,0,0,0,0,0,0,0,0,0,0,0,0,0,0,6810
8626,0,0,0,0,0,0,0,0,0,0,0,0,0,0,22115
5776,0,0,0,0,0,0,0,0,0,0,0,0,0,0,1400
8907,0,0,0,0,0,0,0,0,0,0,0,0,0,0,6810
9366,0,0,0,0,0,0,0,0,0,0,0,0,0,0,6810
5769,0,0,0,0,0,0,0,0,0,0,0,0,0,0,8085
9292,0,0,0,0,0,0,0,0,0,0,0,0,0,0,3230
9309,0,0,0,0,0,0,0,0,0,0,0,0,0,0,10040
9369,0,0,0,0,0,0,0,0,0,0,0,0,0,0,6810
9338,0,0,0,0,0,0,0,0,0,0,0,0,0,0,6810
9263,0,0,0,0,0,0,0,0,0,0,0,0,0,0,5005
9280,0,0,0,0,0,0,0,0,0,0,0,0,0,0,10040
9267,0,0,0,0,0,0,0,0,0,0,0,0,0,0,3200
5904,0,0,0,0,0,0,0,0,0,0,0,0,0,0,22115
5807,0,0,0,0,0,0,0,0,0,0,0,0,0,0,15525
6201,0,0,0,0,0,0,0,0,0,0,0,0,0,0,3405
8251,0,0,0,0,0,0,0,0,0,0,0,0,0,0,7085
5496,0,0,0,0,0,0,0,0,0,0,0,0,0,0,3405
6631,0,0,0,0,0,0,0,0,0,0,0,0,0,0,22115
5786,0,0,0,0,0,0,0,0,0,0,0,0,0,0,6680
8259,0,0,0,0,0,0,0,0,0,0,0,0,0,0,6810
5484,0,0,0,0,0,0,0,0,0,0,0,0,0,0,6810
5565,0,0,0,0,0,0,0,0,0,0,0,0,0,0,3405
6839,0,0,0,0,0,0,0,0,0,0,0,0,0,0,6810
9092,0,0,0,0,0,0,0,0,0,0,0,0,0,0,3085
5486,0,0,0,0,0,0,0,0,0,0,0,0,0,0,3405
5494,0,0,0,0,0,0,0,0,0,0,0,0,0,0,22115
7395,0,0,0,0,0,0,0,0,0,0,0,0,0,0,22115
8989,0,0,0,0,0,0,0,0,0,0,0,0,0,0,5305
7932,0,0,0,0,0,0,0,0,0,0,0,0,0,0,6810
8013,0,0,0,0,0,0,0,0,0,0,0,0,0,0,7085
8695,0,0,0,0,0,0,0,0,0,0,0,0,0,0,9710
7936,0,0,0,0,0,0,0,0,0,0,0,0,0,0,12085
6471,0,0,0,0,0,0,0,0,0,0,0,0,0,0,22115
7903,0,0,0,0,0,0,0,0,0,0,0,0,0,0,22115
6729,0,0,0,0,0,0,0,0,0,0,0,0,0,0,22115
7906,0,0,0,0,0,0,0,0,0,0,0,0,0,0,22115
5522,0,0,0,0,0,0,0,0,0,0,0,0,0,0,300
6828,0,0,0,0,0,0,0,0,0,0,0,0,0,0,170
6439,0,0,0,0,0,0,0,0,0,0,0,0,0,0,22115
5521,0,0,0,0,0,0,0,0,0,0,0,0,0,0,22115
6436,0,0,0,0,0,0,0,0,0,0,0,0,0,0,3405
8861,0,0,0,0,0,0,0,0,0,0,0,0,0,0,10010
7663,0,0,0,0,0,0,0,0,0,0,0,0,0,0,3405
8987,0,0,0,0,0,0,0,0,0,0,0,0,0,0,6810
6817,0,0,0,0,0,0,0,0,0,0,0,0,0,0,3405
6281,0,0,0,0,0,0,0,0,0,0,0,0,0,0,10
5876,0,0,0,0,0,0,0,0,0,0,0,0,0,0,22115
5799,0,0,0,0,0,0,0,0,0,0,0,0,0,0,22115
7911,0,0,0,0,0,0,0,0,0,0,0,0,0,0,6810
5488,0,0,0,0,0,0,0,0,0,0,0,0,0,0,3000
7157,0,0,0,0,0,0,0,0,0,0,0,0,0,0,7055
6815,0,0,0,0,0,0,0,0,0,0,0,0,0,0,3585
5798,0,0,0,0,0,0,0,0,0,0,0,0,0,0,12085
8980,0,0,0,0,0,0,0,0,0,0,0,0,0,0,15085
8256,0,0,0,0,0,0,0,0,0,0,0,0,0,0,22115
6148,0,0,0,0,0,0,0,0,0,0,0,0,0,0,7810
6055,0,0,0,0,0,0,0,0,0,0,0,0,0,0,3405
8374,0,0,0,0,0,0,0,0,0,0,0,0,0,0,9085
8666,0,0,0,0,0,0,0,0,0,0,0,0,0,0,6810
7222,0,0,0,0,0,0,0,0,0,0,0,0,0,0,6810
5148,0,0,0,0,0,0,0,0,0,0,0,0,0,0,22115
8902,0,0,0,0,0,0,0,0,0,0,0,0,0,0,6810
8596,0,0,0,0,0,0,0,0,0,0,0,0,0,0,8580
9012,0,0,0,0,0,0,0,0,0,0,0,0,0,0,22115
8780,0,0,0,0,0,0,0,0,0,0,0,0,0,0,6810
8982,0,0,0,0,0,0,0,0,0,0,0,0,0,0,6810
8940,0,0,0,0,0,0,0,0,0,0,0,0,0,0,22115
9011,0,0,0,0,0,0,0,0,0,0,0,0,0,0,3405
8947,0,0,0,0,0,0,0,0,0,0,0,0,0,0,3405
8951,0,0,0,0,0,0,0,0,0,0,0,0,0,0,13285
8979,0,0,0,0,0,0,0,0,0,0,0,0,0,0,6810
8945,0,0,0,0,0,0,0,0,0,0,0,0,0,0,6810
8933,0,0,0,0,0,0,0,0,0,0,0,0,0,0,6810
8977,0,0,0,0,0,0,0,0,0,0,0,0,0,0,22115
8998,0,0,0,0,0,0,0,0,0,0,0,0,0,0,14085
9003,0,0,0,0,0,0,0,0,0,0,0,0,0,0,22115
8955,0,0,0,0,0,0,0,0,0,0,0,0,0,0,3405
8988,0,0,0,0,0,0,0,0,0,0,0,0,0,0,6810
8950,0,0,0,0,0,0,0,0,0,0,0,0,0,0,5085
8938,0,0,0,0,0,0,0,0,0,0,0,0,0,0,6305
8920,0,0,0,0,0,0,0,0,0,0,0,0,0,0,6005
8919,0,0,0,0,0,0,0,0,0,0,0,0,0,0,10010
8995,0,0,0,0,0,0,0,0,0,0,0,0,0,0,2750
8968,0,0,0,0,0,0,0,0,0,0,0,0,0,0,22115
8937,0,0,0,0,0,0,0,0,0,0,0,0,0,0,22115
8936,0,0,0,0,0,0,0,0,0,0,0,0,0,0,50
8954,0,0,0,0,0,0,0,0,0,0,0,0,0,0,22315
8957,0,0,0,0,0,0,0,0,0,0,0,0,0,0,8410
8948,0,0,0,0,0,0,0,0,0,0,0,0,0,0,12085
8369,0,0,0,0,0,0,0,0,0,0,0,0,0,0,1600
8778,0,0,0,0,0,0,0,0,0,0,0,0,0,0,4035
6128,0,0,0,0,0,0,0,0,0,0,0,0,0,0,6750
7056,0,0,0,0,0,0,0,0,0,0,0,0,0,0,6750
8591,0,0,0,0,0,0,0,0,0,0,0,0,0,0,3465
7390,0,0,0,0,0,0,0,0,0,0,0,0,0,0,6750
8750,0,0,0,0,0,0,0,0,0,0,0,0,0,0,3200
5137,0,0,0,0,0,0,0,0,0,0,0,0,0,0,6750
8641,0,0,0,0,0,0,0,0,0,0,0,0,0,0,6750
5909,0,0,0,0,0,0,0,0,0,0,0,0,0,0,6750
7080,0,0,0,0,0,0,0,0,0,0,0,0,0,0,3375
5897,0,0,0,0,0,0,0,0,0,0,0,0,0,0,6750
6778,0,0,0,0,0,0,0,0,0,0,0,0,0,0,6750
8643,0,0,0,0,0,0,0,0,0,0,0,0,0,0,9950
5172,0,0,0,0,0,0,0,0,0,0,0,0,0,0,14095
8628,0,0,0,0,0,0,0,0,0,0,0,0,0,0,22115
5109,0,0,0,0,0,0,0,0,0,0,0,0,0,0,3675
6724,0,0,0,0,0,0,0,0,0,0,0,0,0,0,7350
8638,0,0,0,0,0,0,0,0,0,0,0,0,0,0,1600
7365,0,0,0,0,0,0,0,0,0,0,0,0,0,0,7350
8741,0,0,0,0,0,0,0,0,0,0,0,0,0,0,10
6764,0,0,0,0,0,0,0,0,0,0,0,0,0,0,3675
8266,0,0,0,0,0,0,0,0,0,0,0,0,0,0,790
5113,0,0,0,0,0,0,0,0,0,0,0,0,0,0,3675
5624,0,0,0,0,0,0,0,0,0,0,0,0,0,0,7350
5140,0,0,0,0,0,0,0,0,0,0,0,0,0,0,7350
5120,0,0,0,0,0,0,0,0,0,0,0,0,0,0,3675
5817,0,0,0,0,0,0,0,0,0,0,0,0,0,0,3675
8263,0,0,0,0,0,0,0,0,0,0,0,0,0,0,7350
8668,0,0,0,0,0,0,0,0,0,0,0,0,0,0,6750
8700,0,0,0,0,0,0,0,0,0,0,0,0,0,0,22285
6131,0,0,0,0,0,0,0,0,0,0,0,0,0,0,200
5141,0,0,0,0,0,0,0,0,0,0,0,0,0,0,9720
8776,0,0,0,0,0,0,0,0,0,0,0,0,0,0,8095
5551,0,0,0,0,0,0,0,0,0,0,0,0,0,0,6750
8155,0,0,0,0,0,0,0,0,0,0,0,0,0,0,1600
7220,0,0,0,0,0,0,0,0,0,0,0,0,0,0,6750
5174,0,0,0,0,0,0,0,0,0,0,0,0,0,0,8700
5607,0,0,0,0,0,0,0,0,0,0,0,0,0,0,6750
8659,0,0,0,0,0,0,0,0,0,0,0,0,0,0,1600
5108,0,0,0,0,0,0,0,0,0,0,0,0,0,0,17695
7360,0,0,0,0,0,0,0,0,0,0,0,0,0,0,12695
6624,0,0,0,0,0,0,0,0,0,0,0,0,0,0,10150
5112,0,0,0,0,0,0,0,0,0,0,0,0,0,0,7150
7172,0,0,0,0,0,0,0,0,0,0,0,0,0,0,7150
8744,0,0,0,0,0,0,0,0,0,0,0,0,0,0,3575
8616,0,0,0,0,0,0,0,0,0,0,0,0,0,0,1600
8620,0,0,0,0,0,0,0,0,0,0,0,0,0,0,13895
8611,0,0,0,0,0,0,0,0,0,0,0,0,0,0,200
5139,0,0,0,0,0,0,0,0,0,0,0,0,0,0,7150
8640,0,0,0,0,0,0,0,0,0,0,0,0,0,0,7150
6625,0,0,0,0,0,0,0,0,0,0,0,0,0,0,7150
5843,0,0,0,0,0,0,0,0,0,0,0,0,0,0,600
5133,0,0,0,0,0,0,0,0,0,0,0,0,0,0,3575
8373,0,0,0,0,0,0,0,0,0,0,0,0,0,0,7750
7311,0,0,0,0,0,0,0,0,0,0,0,0,0,0,7750
6137,0,0,0,0,0,0,0,0,0,0,0,0,0,0,7750
8629,0,0,0,0,0,0,0,0,0,0,0,0,0,0,7750
5816,0,0,0,0,0,0,0,0,0,0,0,0,0,0,3875
9401,0,0,0,0,0,0,0,0,0,0,0,0,0,0,7750
7350,0,0,0,0,0,0,0,0,0,0,0,0,0,0,7750
8752,0,0,0,0,0,0,0,0,0,0,0,0,0,0,7750
8593,0,0,0,0,0,0,0,0,0,0,0,0,0,0,22185
5146,0,0,0,0,0,0,0,0,0,0,0,0,0,0,7750
8757,0,0,0,0,0,0,0,0,0,0,0,0,0,0,2690
6313,0,0,0,0,0,0,0,0,0,0,0,0,0,0,7150
5173,0,0,0,0,0,0,0,0,0,0,0,0,0,0,7150
8618,0,0,0,0,0,0,0,0,0,0,0,0,0,0,7150
8665,0,0,0,0,0,0,0,0,0,0,0,0,0,0,3575
5162,0,0,0,0,0,0,0,0,0,0,0,0,0,0,7150
5822,0,0,0,0,0,0,0,0,0,0,0,0,0,0,9095
5177,0,0,0,0,0,0,0,0,0,0,0,0,0,0,6750
7152,0,0,0,0,0,0,0,0,0,0,0,0,0,0,22125
9080,0,0,0,0,0,0,0,0,0,0,0,0,0,0,22125
5208,0,0,0,0,0,0,0,0,0,0,0,0,0,0,25125
5875,0,0,0,0,0,0,0,0,0,0,0,0,0,0,22125
7916,0,0,0,0,0,0,0,0,0,0,0,0,0,0,8595
7933,0,0,0,0,0,0,0,0,0,0,0,0,0,0,100
6753,0,0,0,0,0,0,0,0,0,0,0,0,0,0,6750
6250,0,0,0,0,0,0,0,0,0,0,0,0,0,0,6750
8128,0,0,0,0,0,0,0,0,0,0,0,0,0,0,6750
8391,0,0,0,0,0,0,0,0,0,0,0,0,0,0,6750
9088,0,0,0,0,0,0,0,0,0,0,0,0,0,0,7350
8399,0,0,0,0,0,0,0,0,0,0,0,0,0,0,7350
7104,0,0,0,0,0,0,0,0,0,0,0,0,0,0,4365
8311,0,0,0,0,0,0,0,0,0,0,0,0,0,0,7350
8115,0,0,0,0,0,0,0,0,0,0,0,0,0,0,10550
8270,0,0,0,0,0,0,0,0,0,0,0,0,0,0,6395
8143,0,0,0,0,0,0,0,0,0,0,0,0,0,0,21425
6317,0,0,0,0,0,0,0,0,0,0,0,0,0,0,3920
9077,0,0,0,0,0,0,0,0,0,0,0,0,0,0,6050
6372,0,0,0,0,0,0,0,0,0,0,0,0,0,0,7350
5223,0,0,0,0,0,0,0,0,0,0,0,0,0,0,21425
5280,0,0,0,0,0,0,0,0,0,0,0,0,0,0,21425
6629,0,0,0,0,0,0,0,0,0,0,0,0,0,0,21425
5257,0,0,0,0,0,0,0,0,0,0,0,0,0,0,21425
5787,0,0,0,0,0,0,0,0,0,0,0,0,0,0,6750
5207,0,0,0,0,0,0,0,0,0,0,0,0,0,0,6750
5916,0,0,0,0,0,0,0,0,0,0,0,0,0,0,6750
9074,0,0,0,0,0,0,0,0,0,0,0,0,0,0,3375
7915,0,0,0,0,0,0,0,0,0,0,0,0,0,0,6750
8285,0,0,0,0,0,0,0,0,0,0,0,0,0,0,9595
6787,0,0,0,0,0,0,0,0,0,0,0,0,0,0,12095
5898,0,0,0,0,0,0,0,0,0,0,0,0,0,0,6750
7942,0,0,0,0,0,0,0,0,0,0,0,0,0,0,6750
7299,0,0,0,0,0,0,0,0,0,0,0,0,0,0,2035
5212,0,0,0,0,0,0,0,0,0,0,0,0,0,0,22125
8321,0,0,0,0,0,0,0,0,0,0,0,0,0,0,4845
7078,0,0,0,0,0,0,0,0,0,0,0,0,0,0,22725
8317,0,0,0,0,0,0,0,0,0,0,0,0,0,0,22725
7094,0,0,0,0,0,0,0,0,0,0,0,0,0,0,3575
7072,0,0,0,0,0,0,0,0,0,0,0,0,0,0,22725
7918,0,0,0,0,0,0,0,0,0,0,0,0,0,0,25725
7404,0,0,0,0,0,0,0,0,0,0,0,0,0,0,22725
7920,0,0,0,0,0,0,0,0,0,0,0,0,0,0,7150
6338,0,0,0,0,0,0,0,0,0,0,0,0,0,0,1270
7212,0,0,0,0,0,0,0,0,0,0,0,0,0,0,22725
7159,0,0,0,0,0,0,0,0,0,0,0,0,0,0,7750
5179,0,0,0,0,0,0,0,0,0,0,0,0,0,0,7750
5793,0,0,0,0,0,0,0,0,0,0,0,0,0,0,22025
5209,0,0,0,0,0,0,0,0,0,0,0,0,0,0,22025
5203,0,0,0,0,0,0,0,0,0,0,0,0,0,0,3875
7408,0,0,0,0,0,0,0,0,0,0,0,0,0,0,22025
8124,0,0,0,0,0,0,0,0,0,0,0,0,0,0,3875
5260,0,0,0,0,0,0,0,0,0,0,0,0,0,0,1000
7179,0,0,0,0,0,0,0,0,0,0,0,0,0,0,7750
7343,0,0,0,0,0,0,0,0,0,0,0,0,0,0,3200
7189,0,0,0,0,0,0,0,0,0,0,0,0,0,0,22025
5190,0,0,0,0,0,0,0,0,0,0,0,0,0,0,22025
5196,0,0,0,0,0,0,0,0,0,0,0,0,0,0,7750
8297,0,0,0,0,0,0,0,0,0,0,0,0,0,0,1700